https://www.youtube.com/watch?v=nwi2h2_qMu0¥Colegio de Abogados avala reforma al Código Procesal Agrario¥El Colegio de Abogados avaló el expediente 24,818 reformas a varios artículos del Código Procesal Agrario. Así lo manifestó Carlos Picado Vargas de la Comisión de Derecho Agrario del Colegio de Abogados ante los diputados de la comisión de Asuntos Jurídicos donde se refirió al tema. Rocío Alfaro, el Frente Amplio, consultó sobre los procesos sucesorios de naturaleza agraria y daños ambientales.
 En el en la propuesta de reforma que salió del Colegio de Abogados y de los jueces Agrarios, no tocáamos el artículo uno. Fue a a lo interno de la Comisión Revisora en que eh se decidió eliminar la palabra desarrollo rural. Sinceramente, yo creo que la moción es innecesaria porque usted ve en el artículo 2 que dice Rosarrollo Rural, el encabezado y en varios incisos, ¿verdad? Entonces, pero me menos es más no se aplica aquí. Este, yo no tengo ningún reparo en que en que se ponga en el artículo uno como originalmente estaba. Francisco Nicolás, de Liberación Nacional preguntó sobre la falta de contenido presupuestario en el Poder Judicial. es suficiente el decir, no hay recurso en el poder judicial y entonces no podemos eh seguir en esta misma línea de de proceso agrario.
 Eh eh buenas tardes. No, eso es solo uno de los temas. El tema principal de esta reforma es mejorar el código, hacerlo más ágil. Lo he dicho en todas partes del del mundo, que cuando expongo el Código Procesal Agrario, este es el Código Procesal Agrario más moderno de todo el mundo y es un orgullo para Costa Rica. Lo que pasa, señor diputado, es que este código se hizo en el año 2008, cuando no habían este medios tecnológicos, no teníamos expediente electrónico, cuando los expedientes eran de papel y está un poquito desactualizado.
 El tema continuará en análisis en esta comisión.
https://www.youtube.com/watch?v=BW4vErObIbk&t=131s¥Analizan primer presupuesto extraordinario del 2025¥El 20 de mayo ingresó a la corriente legislativa el primer presupuesto extraordinario para el año 2025. ¿Qué es un presupuesto extraordinario y por qué se presentan si la Asamblea aprueba un presupuesto general previo a cada año? El presupuesto extraordinario es una modificación que ajusta las cuentas del presupuesto del gobierno central en el año en ejercicio. Así lo explica la presidenta de la Comisión de Haendarios, Paulina Ramírez.
 Bueno, los presupuestos extraordinarios se hacen durante el periodo presupuestario que corresponde eh digamos en este caso del año del año 2024 al 2025, de diciembre a diciembre. En ese periodo se hacen ajustes presupuestarios que pueden corresponder a modificaciones presupuestarias o bien a nuevos recursos. ¿Qué es una modificación presupuestaria? pasan recursos de un reglón presupuestario a otro, quedando exactamente el presupuesto con el mismo monto en el presupuesto, cuando se trata de presupuesto extraordinario, que es incluir nuevos ingresos, en ese caso sí hay un aumento presupuestario y se asigna a nuevos recursos o a nuevos gastos. Este presupuesto extraordinario representa una disminución de unos 15,000 millones de colones en el presupuesto general producto de algunos movimientos de rebajos y nuevos ingresos que reporta la hacienda pública. Entonces, ¿cuáles son los elementos más destacados de este presupuesto para la diputada oficialista Pilar Cisneros?
 Hay una partida muy importante para terminar de pagarle a todos los ex muelleros a quienes no les habían hecho los pagos de ley cuando los liquidaron. Viene también una partida para centros cívicos eh y para La Paz que estamos construyendo a todo lo largo y ancho del país. Viene una partida para Incofer, para que pueda seguir con sus gastos operativos y para que pueda terminar o llevar el tren a Paraíso. Y básicamente eso es es un presupuesto, digamos, muy enfocado en esos puntos que nos parece que son importantes de sacar. La diputada Paulina Ramírez también destacó los puntos que considera más importantes. Están principalmente en más de 8,000 millones que son para destinar en obras de infraestructura vial. Eh, unos para el puente de la estrella y otro para la ruta 240. También se están incorporando recursos para Incofer, se están incorporando recursos para los estibadores que o los exestivadores que se les va a hacer el pago correspondiente que había un compromiso de parte del gobierno para eh incorporarle estos recursos.
 ¿Y cómo espera la diputada Paulina Ramírez que transcurra la aprobación del primer presupuesto extraordinario del 2025 que presentó el gobierno? Nosotros calculamos que eh en las dos semanas siguientes puede estar saliendo de la comisión de asuntos hacendarios y en el plenario tiene un mes el plenario para aprobarlo. Este, prácticamente en mes y medio podría estar saliendo de la Asamblea Legislativa para poder eh aprobarlo o hacerlo ley de la República para que el presupuesto se pueda ejecutar. Los presupuestos extraordinarios son ajustes en las cuentas del gobierno central. Puede contener aumentos, reducciones o movimiento de dineros entre cuentas. El artículo 177 de la Constitución Política es el que establece que el poder ejecutivo preparará para el año económico respectivo los proyectos de presupuestos extraordinarios a fin de invertir los ingresos provenientes del uso del crédito público o de cualquier otra fuente extraordinaria. Mediante los presupuestos, los diputados de la Comisión de Haendarios analizan, modifican y posteriormente se aprueba el dinero que el gobierno requiere para funcionar. Oh.
https://youtu.be/bXOcm6DS9lg¥Lanamme y auditoria del MOPT advierten incumplimientos en proyecto Taras la Lima en Cartago¥Tanto el laboratorio nacional de materiales y modelos estructurales en ANAME y la auditoría del Ministerio de Obras Públicas y Transportes han advertido reiteradamente diversos incumplimientos en la construcción del proyecto Tara la Lima en la ciudad de Cartago. Así lo manifestaron Rolando Castillo de la NAME y Tatiana Muñoz del MOP ante los diputados que integran la Comisión Especial de Cartago, quienes se refirieron a este proyecto. Según Castillo, se han presentado en consistencias en la calidad de los materiales, especialmente del concreto y el asfalto, que podrían traer consecuencias en un futuro cercano. Además, deficiencias en estudios preliminares y diseños incompletos, lo que ha ocasionado retrasos en la ejecución y aumentan los costos de la obra. Alejandro Pacheco de la Unidad Social Cristiana manifestó que la hora es un desastre, pues dijo que no hay iluminación en la carretera, no hay maquinarias trabajando y los materiales se incumplen lo adecuado. ¿Cuánto cuesta el cuarto el cuarto nivel que que quedaba hacia el guarco? Eh, y digamos ahí también son recursos que yo no creo que costara menos de 6 10 millones de dólares. Eh, ¿en qué se gastaron y por qué aumentó tanto el presupuesto? El cuarto nivel eh estaba estipulado en el contrato original y por lo tanto es parte del proyecto. Si está ahí y el mismo fue aprobado por la por la unidad ejecutora es porque se necesita. Paulina Ramírez deliberación nacional afirmó que hubo un ministro que tuvo conciencia de todo lo que estaba pasando y no vigilaron ni controlaron la obra, ya que dejaron pasar todos los incumplimientos. ¿Qué problemas puede haber en la congestión vial por no construir este cuarto desnivel? En la presentación eh comentaba por eh por ejemplo lo que es el estudio que hace la Dirección de Ingeniería de Tránsito del 2023, donde ellos dicen que se requiere el cuarto nivel, así, pero además de eso hacen una un análisis, un modelamiento de la situación y dice, por ejemplo, que rotonda la Lima eh la rotonda la Lima si se construye eh con el si se tiene el hospital esta cola empezaría a tendré congestión en el 2043. Bueno, esa aguantaría un poquitito más, pero por otro lado, lo que es la la rotón de la zona franca tenemos que eh va a presentar una condición desfavorable si el hospital existiera en este momento. Los diputados aprobaron una moción para que comparezcan representantes de la empresa H Solis de la Unidad ejecutora del proyecto Tara la Lima y el ministro Efraín Celedón. Oh.
https://www.youtube.com/watch?v=Mfr8snWW7G4¥Cámara de Turismo achaca caída en el sector, a variación del tipo de cambio¥José Martín Jiménez, presidente de la Cámara de Turismo, achacó la baja en la visitación al tipo de cambio. Así lo dijo en la comisión de turismo, donde analizan los factores que influyen en la disminución de turistas. el tipo de cambio está afectando eh por las razones que sean el tipo de cambio, no estamos entrando en eso, simplemente es un eh un elemento, un factor importante. Eh y si vemos de nuevo el informe, el último informe las Naciones Unidas, ¿cuáles son los retos principales eh para el turismo en el 2025? El número dos, costo. O sea, sí es un elemento importante y obviamente en la economía costo cosa del el precio cosa y el precio es factor determinante y cuando el costo ha subido tanto relativo a otras cosas eh es preocupante.
 El jerarca de dicha cartera, William Rodríguez, explicó que el 92% del turismo ingresa al país vía aérea. La jefa del oficialismo, Pilar Cineros, consultó sobre el turismo local. Yo siento, con todo respeto para ustedes que están ahí, que el turismo local muchas veces es menospreciado por la industria y que cuando hay esas temporadas bajas no se abren esas oportunidades, porque cuántas familias ticas pueden pagar $250 por un cuarto y no se puede. Pero en temporada baja, una vez un hotelero me dijo y se me quedó grabado, ¿usted sabe, doña Pilar, cuál es el el cuarto más caro del mundo? Y yo decía, "Bueno, quién sabe qué hotel me va a decir." Y me dijo, "El que no se alquila." Y entonces yo no sé por qué no veo un esfuerzo del sector ni del ICT ni del sector en general por recapturar al turista tico.
 En todos los negocios existe un punto de equilibrio este respecto al costo operativo y al y al precio el que usted puede vender, ¿verdad?, un producto. Desgraciadamente eh hay un punto donde ya este no nos da para bajar más, ¿verdad? Y eso yo creo que lo explicó el señor Martí eh en su exposición de que no hemos logrado compensar a través de de un precio que es en el caso de la hotelería el el la tarifa diaria, eh pues el costo operativo. Yo creo que pues yo le puedo decir este a título personal de los hoteles que tenemos que andamos 10 15% por debajo del año pasado y de presupuesto.
 El diputado independiente Diego Vargas señaló que se deben tomar acciones conjuntas.
 La incertidumbre que tenemos en el mundo con aranceles, con tema de asientos en los aviones, uno muchas veces no lo cree, pero pareciera que se da, ¿verdad? Pero al final este es un tema de que se tiene que abordar sin ataques, pero sabiendo que allí afuera hay gente desde así de grande en turismo, de las zonas rurales donde muchos vamos. Yo que soy de la juuela, ya voy a me meto a a medio queso en en en los chiles y usted ve aquellas bellezas naturales donde la gente podía hacer fotografía de softure que ustedes decían ahora. Y entonces uno cree que esa gente se merece una oportunidad y cuando vemos estos números no deja uno de sentir presión con el tema de la seguridad nacional que todos hasta alguno hasta nosotros mismos sin estar de turistas nos da temor muchas veces salir y y exponernos porque se ha cambiado, se ha cambiado y es una realidad país. Y en ese contexto, cualquier institución, cualquier ministerio y cualquier grupo organizado que defienda un sector, en este caso turismo, no es debilidad aceptar muchas veces que hay crisis, ¿verdad? Me parece a mí que no es una debilidad decir, "Ah, no, es que estoy  estoy mal con esto." No, es es un tema de claramente tomar acciones.
 Yo quiero insistir en eso. Eh, tenemos un 2.5 de disminución en estos momentos, enero, mayo. Y con todo respeto, don Luis Diego, eh yo no yo no lo veo como una crisis, estamos ante un reto. Es decir, yo lo vería como una crisis si estuviéramos en un 20% de disminución, una cuestión así. 2.5 es una disminución. Nadie lo niega. Nosotros mismos lo publicamos en nuestras redes sociales, nosotros mismos lo ponemos en nuestra en nuestra página web. Pero es un reto y yo eh le digo con absoluta sinceridad, estamos haciendo todo lo que esté a nuestro alcance para que ese 2.5 se convierta al final del año en algo positivo.
 Los legisladores seguirán ahondando en las razones de la baja en el turismo a nivel nacional.
https://www.youtube.com/watch?v=SnGMoV-Xdw0¥Aprefloflas está en contra de proyecto minero en Cutris¥La discusión sobre el proyecto 24,717 para permitir la exploración minera en crucitas y alrededores continuó en la Comisión de Arajuela. Los diputados recibieron a miembros de la Asociación Preservacionista de Flora y Fauna, a prefloflas, quienes señalaron estar en contra del proyecto. El diputado Leslio Jorges preguntó a Arturo Carballo Madrigal, presidente de Aprefloflas, cómo mantener a resguardo la zona.
 Si usted fuera presidente de Costa Rica, ¿cómo resguardaría esa zona? Nosotros hemos planteado varias alternativas. Reforzar puestos migratorios con un puesto migratorio permanente, tecnología, inversión, aprovechar la capacidad instalada, las instituciones en San Carlos. Usted como diputado San Carlos sabe que hay varias instituciones en la zona norte como el INA, ¿cierto? Están lejos de Crucitas, pero no es lo mismo las instituciones que no tienen presencia ahí. Priscila Vindas, legisladora del Frente Amplio, preguntó si se puede hacer minería responsable y sostenible en el país. Se ha afirmado que en el marco de este proyecto de ley, el país se en el país se puede hacer minería responsable, moderna, ordenada, fiscalizada y sostenible. Todos esos adjetivos. ¿Consideran ustedes que así como opera la minería, Consideran ustedes, perdón, que así es como opera la minería en el país actualmente? Le voy a comentar, justo ayer comencé con una amiga de la zona de Avangares y me estaba contando que ahora en algunos lugares en Avangares están haciendo túneles que los empiezan literalmente a la orilla de la calle. O sea, cualquier persona se puede ir ahí en ese hueco y e lesionarse. Eh, yo no sé si ustedes recuerdan cuando el señor presidente de la República con bombos y platillos hizo una visita a Crucitas. El día anterior se reventó una de las lagunas de reglaves de uno de los proyectos que creo que era tres hermanos en la zona de Bangares. Se murieron peces, todo el todo el material. Ahí hay tanto cianuro arsénico y mercurio porque ellos sí procesan o procesaban con mercurioso, lo siguen usando. Tengo buena fuente que en en Hungares lo siguen usando el mercurio. Todo eso fue a dar al río que desembocó finalmente, por supuesto, eh al Golfo de Nicoya. O sea, eh es un problema grave. Jorge Rojas del oficialismo consultó a los representantes de Aprefloflas si lo que dijo el Parlamento Cívico Ambiental de que la zona es recuperable es cierto o no.
 Les pregunto algo que me parece interesante. Ustedes mencionan que los daños son irrecuperables a la biodiversidad local. Sin embargo, el Parlamento Cívico Ambiental, ante la misma pregunta a mí me contestó que era recuperable. sobre el parlamento, lo que dijo el parlamento fue que es recuperable y nosotros también decimos que es recuperable la situación actual. Lo que decimos que es irrecuperable es la laguna relax que sería del tamaño dos veces la sabana que estaba prevista para el proyecto digamos de gran escala de minería industrial.
 La comisión de la Juela se encuentra en el estudio de las propuestas sobre la exploración del oro en el distrito de Cutris de San Carlos.
https://www.youtube.com/watch?v=1v2nJeN-3BY¥Legisladora cuestiona política ambiental del Gobierno¥Gracias por acompañarnos aquí en la TV Legislativa. Vamos a conversar con la diputada independiente Cintia Córdoba. Doña Cintia, muchas gracias por acompañarnos. No, muchas gracias a ustedes por la invitación. Encantada estar acá y poder aportar desde mi curul al país. Doña Cinta, queríamos conversar sobre temas de ambiente, usted como experta en esos en esos temas, sobre todo lo que tiene que ver con el día mundial del ambiente y qué se ha hecho desde este gobierno y desde la Asamblea Legislativa, sobre todo en esta lucha por temas de medio ambiente. Bueno, yo creo que más bien podríamos hablar de la inacción del ambiente en este gobierno y del conjunto vacío que existe en cuanto a todo lo que es desde el ejecutivo hacer cosas buenas por el ambiente, porque ciertamente para ellos lo único que existe el ambiente es para usar el jaguar como una figura desde el punto de vista de poder, pero no se preocupan tampoco por la biodiversidad y por proteger todo lo que son la las especies que están en peligro, como el jaguar, que apenas quedan como 500 ejemp ejemplares en el país que cada vez se les acorta el hábitat. ¿Por qué? porque lo que les interesa es una figura y no realmente hacer cosas por el ambiente. Tenemos grandes brechas, brechas que ya el informe de la OCE del 2023 no las había advertido. brechas en cuanto a biodiversidad, brechas en cuanto a gestión de recursos hídricos, sobre todo el tema de saneamiento, brechas gigantes también en todo lo que corresponde a la asignación adecuada de los recursos y y temas que hoy por hoy hemos venido trabajando aquí en la Asamblea Legislativa, pero que tal vez eh se han varado por situaciones políticas que no nos interesa. La gestión de recursos de residuos también es otro tema fundamental que menciona la OGde y que también aquí pues no no se ha movido rápidamente y es un tema que cualquier momento puede explotar para todos los costarricenses. Señor Cinta, pero desde la Asamblea Legislativa se han venido avanzando en diversos proyectos de ley tendientes al tema de frenar la minería, frenar la explotación de petróleo y gas, la ampliación de parques nacionales, un proyecto que presentó la gente de Frente Amplio la semana anterior. Desde la Asamblea Legislativa se ha venido buscando la manera de de entrar a los temas de medio ambiente. Bueno, sí, sí, desde acá, lamentablemente, desde el ejecutivo ha sido cero. Aquí desde la Asamblea Legislativa, por ejemplo, no no conozco ese proyecto de de ampliación de las áreas de conservación, pero es fundamental antes de que podamos ampliar las áreas de conservación, que paguemos lo que no debemos, porque les recuerdo a todos los costarricenses que es mentira que Costa Rica tiene ya protegido todos los parques nacionales. Tenemos deudas históricas y éticas con gente que se les ha despropiado y no se les ha pagado las tierras. Entonces, no podemos ampliar más si ni siquiera hemos pagado lo que debemos. Creo que hay que primero valorar esas deudas, pagarlas y además generarle los recursos a los guardaparques, porque sabe qué pasa, se aumenta, por ejemplo, el eh se aumentan los parques nacionales un porcentaje más, se protege unas hectáreas más y son los mismos guardaparques que existían en ese lugar los que van a cuidar más área. Dígame cómo se come eso. No hay una consistencia entre el uso de los recursos, la asignación de los recursos a la conservación y las acciones positivas que estamos haciendo desde acá. Entonces, creo que hay que analizar muy bien. Cuando usted inventa algo, tiene que ver de dónde va a agarrar para sostener eso, quién va a financiar eso, ese balance de actores, de ganadores y de perdedores. Pero antes de eso, vea lo que nos está haciendo. Paguemos las deudas históricas que tienen los parques nacionales. Y yo no me voy a meter aquí con la explotación de los recursos porque ahorita no eh eh petroleros y eso porque no es el tema. Pero veamos con Crucitas. Crucitas, ¿cuántos años? ¿Cuántas décad casi más de una década? Yo diría que como 12 o 13 años tiene estar el problema. ¿Qué hicimos? ¿Qué se ha hecho? Nada, absolutamente nada. Y esta Asamblea Legislativa ahora le está cayendo el tema, pero en realidad esto es un problema que debió resolverse hace años con otras asambleas legislativas porque tiene más de 12 años. Imagínese que tenemos el peor de los escenarios, toda la extracción de recursos, toda la contaminación y ninguno de los beneficios. Más bien esa comunidad cada día está peor. ¿Por qué? porque tiene problemas de eh de la gente que viene de afuera, que genera la contaminación, problemas sociales eh de prostitución y un montón de cosas de robos, etcétera, que se han se han aumentado debido a la inacción e inoperancia de todas las los gobiernos anteriores. Y aquí ahora nos vienen a que resolvamos algo que realmente ha sido un problema heavy, que nadie le ha dado la oportunidad, ni siquiera los ambientalistas que pararon el proyecto, porque yo no los vi tampoco gritando qué hacer para que no pase lo que hoy está pasando ahí. Entonces, hay una doble moral tanto dentro de eh la población, los gobiernos y el ejecutivo y el legislativo, tenemos que caminar sobre ese bien común y el bien común se logra considerando estos balances, saldando las deudas que tenemos con parques nacionales, considerando que hay que conservar más, entonces tenemos que darle más recursos al Estado. Cada vez el presupuesto de la República es menos para conservación. Cada vez el Ministerio de Ambiente no defiende los recursos que necesita para la conservación. Y lo vimos la semana pasada con una noticia del SINA que no tiene los recursos para hacer frente a este año y al otro. Entonces son cosas que salen a la luz, salen a la vista y que no estamos tomando las decisiones correctas y eso es que tenemos que invertir más en conservación y darle los recursos para que se generen todos los beneficios que tenemos, como el turismo, como los empleos relacionados, como la imagen país, etcétera. Muchas cosas que hoy por hoy hacen que Costa Rica sea la diferencia. ¿Qué se puede hacer en estos 9 meses que les quedan a ustedes como como diputados de la República? Bueno, yo creo que hay temas muy importantes que hay que sacar porque hacen el cambio en las condiciones que vamos a tener para el país. Eh, yo estoy proponiendo esta semana una ley para todo lo que es la gobernanza marina, que es la la vista de las zonas costeras al océano. Es la gran ausente en todos los gobiernos, donde está la pobreza, donde están las necesidades y hay que hacer una relación clara entre los actores que conservan el mar y los actores que utilizan el mar. Entonces, yo espero que con este proyecto de ley de gobernanza marina limemos esas asperezas y trabajemos juntos en un objetivo de bienestar social, de conservación, pero que también la gente pueda comer este proyecto lo presentamos esta semana. ¿Qué otras cosas? La gestión de residuos, el tema de la economía circular, hacer las cosas no significa solo consumirlas y votarlas. Hay que buscar cómo producir cosas que tengan una capacidad de reparación, pero también generar conciencia en las personas en que cada acción que hagamos nosotros cuenta y si hacemos un buen uso de la gestión de residuos desde el inicio podemos mejorar las la condición del país y además evitar lo que hoy está pasando, que la carpi ya está por cerrar porque llegó a un cierre técnico. Entonces, ¿qué vamos a hacer con toda la los residuos que tenemos? Hay que internalizarlo en cada ciudadano, el cambio de conducta para que cada vez llegue menos a esos lugares y esto se puede lograr a través de legislación en economía circular. El tema el tema de residuos es sumamente importante. Se denunció hace un par de meses atrás que los residuos del Gran Área Metropolitana se iban a pasar a Limónm y fue todo un todo un tema, ¿verdad? Sí, es es un tema porque a veces esas soluciones de corto plazo se convierten en soluciones para toda la vida y ese es el gran problema de de inventar algo así. Aquí lo que tenemos que incidir es en temas como leyes en economía circular, que actualmente hay una eh una ley de economía circular que estamos haciéndoles unos ajustes para que quede mejor y yo presente una también para el tema de eh aguas residuales y economía circular y la el ejecutivo no debe poner solo las manos desde el legislativo porque nosotros ya casi salimos, ¿verdad? Sino que tiene que ver soluciones de largo plazo que cambien la conducta de los ciudadanos en cuanto al uso de las cosas. saber que cada compra que hacemos va a tener una disposición adecuada que le vamos a poder extender la vida útil o simplemente es fast fashion, cosas que pasan y que no van a tener un valor agregado en nuestra vida. Entonces, saber cómo disir que además le va a ayudar en el bolsillo a los costarricenses. ¿Cómo lograr, doña cinta que esa legislación avance? Porque ahora estamos en periodo de sesiones extraordinarias donde el gobierno tiene la agenda. son 3 meses, quedarían solo 6 meses para que un tipo de estas iniciativas puedan avanzar, ¿verdad? Y sabemos que muchas veces aquí en la Asamblea Legislativa el tiempo es lo que no nos sobra. Creo que aquí lo más importante es ser más altruistas, ponernos al servicio de los costarricenses y no a favor del ego. Por ejemplo, el jueves pasado el ego del presidente hizo que se convocara solo un proyecto de ley porque le le dio la gana nada más para para hacerse un poco de de morbo de de un partido político. A mí me parece que esas cosas no deben pasar. La función de cada uno de los legisladores es trabajar por el bienestar de Costa Rica y el ejecutivo también debe poner de su parte. agradecerle montones que nos haya acompañado, ¿no? Muchísimas gracias por la invitación y más bien quedé con muchas ganas de decir más cosas, así que espero pronto volver a acompañarlos y poder aportar porque Costa Rica necesita un ambiente diferente, porque Costa Rica necesita desarrollarse, porque Costa Rica necesita ser todavía ejemplo en el mundo. Continuamos con más aquí en la tarea TV legislativa.
https://www.youtube.com/watch?v=6EFT3_pIAn8¥“Loco”, atrevido, amante del deporte y enamorado de sus hijos, así se describe Diego Vargas¥Presentamos Conozca el diputado.  ¿Qué tal? Bienvenidos a Conozca el diputado. Un espacio para conocer de de la vida personal de los legisladores que eh representan acá en la Asamblea Legislativa. Y hoy creo que me embarqué. Claro, bien embarcado. Embarqué porque escogí un manudo. Dos manudos. Ya. Dos. Y Dani Vargas iba saliendo. Ah, bueno. Sí. Don Diego, ¿qué tal? Un gusto y la sonrisa me delata, ¿no? Y la corbata también. Entonces, estamos contentos. Este, no, no, no, ya en serio, agradecerte la invitación. Esa corbatilla tenía rato de no sacarla. No, ayer me la la saqué. No, tengo un cuarto ahí. Tengo cuarto. Ahorita te enseño una foto. Pero no, no, para celebrar no ha sido fácil, pero aquí estamos. Somos duros y puros los manudos, no nos bien duros. ¿Qué tal? Todo bien, gracias. ¿Cómo va esa experiencia acá en Asamblea en Asamblea Legislativa después de 3 años? siendo sprint final. Sí, sí, sí. Después de 3 años hay que decir que hay que agradecerle a Dios y a las personas que que a la gente. Yo siempre le agradezco a la gente que lo puso uno acá. La gente no no conoce el fondo de cómo llegó Diego Vargas a la Asamblea Legislativa si es alguien que nunca ha sido político. Yo allá por el año 2000 anticos de la pandemia me enojé con muchas cosas de la política. Ya venía oyuyendo mucho dándole seguimiento, pero era un seguimiento de lejos, ¿verdad? Seguimiento de lejos. Yo era totalmente poblerino, palmareño. Aquí está un amigo que traje que somos ciclistas, andamos haciendo ciclismo, ayudándole a muchachos jóvenes de de bajos a recursos, a que tuvieran una opción más allá de cosas que no queremos que se lea la sociedad. Eh, soy ingeniero civil, tenía mi empresa, pasaba siempre estudiando y y pasaba mucho también teniendo relación social con mucha gente, muchos amigos y y me encanta el deporte, ¿verdad? Yo era de hacer y correr, biciclismo, pesas, eh lo que me pusieran de frente era como el lagartito tosti de mi época que que hacía de todo. Ya ustedes no saben ni qué estoy hablando. Los más jóvenes. Claro que sí. Ah, bueno, si ahorita le explicamos a la gente que aquellas calcamonías que salí haciendo de todos los deportes. Y entonces yo allá por el 20 vi que algunas gestiones países estaban yendo muy a la izquierda, que no hemos no hemos perdido ese rollo. Ahora con las 43 no me queda la duda de que sigamos mal con eso, pero yo dije, no puede ser. O sea, tiene que haber un balance entre lo público y lo privado, entre los entre lo social y y lo económico, entre todo. Yo yo soy una persona, soy libra, soy de balances, ¿verdad? Y se lo puedo asegurar de que en mi vida he sido de balances, de consensos y demás. Y en estos 3 años de estar acá, no me arrepiento un solo minuto, pero vuelvo. Agradezco a Dios y agradezco a la gente que lo que votó por por porque hubiéramos diputados, digamos, con un perfil más de la gente, más cercano a la gente, menos metido en el rollo político de de larga data, ¿verdad? No es fácil, no es fácil. Eh, me tocó estar en una coyuntura bastante pesada como la don Rodrigo Chávez. Vos has visto que yo no soy de choque, no he sido un diputado que ataque por porque sí, por por me da la gana por hacer un un arrebato en en el plenario, sino que ando buscando proyectos que la Asamblea Legislativa era lo que imaginaba o le cambió por completo el concepto eh la Asamblea Legislativa era lo que imaginaba. Pues yo creo que ni me lo imaginaba, ni siquiera tenía una expectativa. Yo venía muy muy preocupado como cuando uno se monta en la bici, uno dice, pucha, voy con estos carajos que estos son buenos, estos son malos, estos son rebuenos, qué cuestas más paradas y y qué bajadas más sabrosas. Y hay gente que dice, "¿Y le preocupan las las subidas?" No, yo soy más más de trepar que de bajar. Bajar me asusta, caerme. Entonces, cuando llegué a la asamblea, venía con una expectativa de cómo iba a ser mi pedaleo, cómo iba a ser mi vida aquí adentro. y y cómo iba a hacer yo para poder realmente sobrevivir en un ambiente político de de en una fracción que, bueno, se han dado cuenta que se ha ido desarmando, que esa es la parte más dolorosa porque yo vengo de la gestión de equipos y y cuando entré hace un año, cuando empecé a notar ciertos eh ciertas situaciones de la gente que fue electa en en municipales, cuando empecé a notar ciertas situaciones en el partido, dije, bueno, voy a voy a irme a mi esencia, al consenso, a la comunicación. a la mejora, a los proyectos. Y creo que el país es consciente, por lo menos los que le dan seguimiento a la política, que yo he presentado proyectos de muchísimo valor, he aprobado proyectos de la mano hasta del gobierno como el sistema nacional de inversión pública. Entonces, mi mi expectativa de acá iba muy de la mano de de cómo me veía yo, ¿verdad? Y no es que sea un tema de ego, no es un tema de preocupación de que tengo que dejarle algo a esto por donde pasé, que el día de mañana en un año, menos de un año, ¿verdad? Ya no estaré tal vez en las líneas políticas, solo Dios lo sabe. Y antes empecé diciendo que Dios me trajo acá. Ahora le contaba aos Quitar, que es un buen amigo de Palmares, decía, "Óscar, yo ni sabía que me iba a meter en esto. Me metí a trabajar. Me metí a trabajar con empecé a buscar a quién apoyar porque vi cosas en la caja que a los que estamos afuera nos agarran y nos agarran del pescuezo y nos lo apretan." Y entonces empecé en una gestión a tratar de interpretar. Creo que mucho de lo que yo veía que estaba mal, he logrado meterle en la mano las alianzas público-privadas, que es ordenemos los dos lados para que se unan y le den producto a la gente, las expropiaciones. Ahorita sale ese proyecto, van a ver, eh, y así una serie de proyectos que van de la mano de la mejora en la propiedad privada, que sea tuya, no del estado, ese estatismo, reducirlo y y me siento no satisfecho porque aunque lograra aprobar 100 proyectos, yo siempre quiero más. Yo siempre quiero más. Y en términos de vida, que tal vez es un poco la entrevista, esa ha sido mi tónica, ¿verdad? Esa ha sido mi tónica. A mí que no me reten porque si me retan por más, ¿verdad? Desde carajillo he sido un  de que yo decía, "Qué rico ir a me jinguear, que me cholle bien para que llegue a la casa con las rodillas cholladas para que digan, "Ah, sí, le puso ganas. Yo era aquellos que le ponía huevos de los que ustedes me vieron aquí en el campeonato de la asamblea hasta maldicho qui decir que que tiene orgullo." Es orgulloso Diego Várquez. No, no es orgulloso. Es un de que cuando se le mete entre la cabeza que algo quiere hacer y alguien le dice, "Usted no puede. Ese reto no es de orgullo, es es un tema conmigo mismo. Mira, ¿por qué esta gente me ve con esos ojos? No, no, no suave, yo puedo y tal vez tiene razón, pero me voy a demostrar yo primero. A él se dará cuenta después. Si le voy a contar una anécdota. Yo hice tres veces la ruta de los conquistadores, ¿verdad? Allá por el cuando cumplí, estamos en pandemia, cumplí 40, no, antes de pandemia, se viene la crisis del 2008, 2010. Yo venía creciendo mucho y se trabó todo y se enredó y era un estrés porque los proveedores y aquel y yo dije, yo ocupo algo que me una válvula de escapa descapa y me compré una bici yo dije, no yo esas líqu de ciclista no me las pongo. Qué vergüenza, qué feo se ve esa vara. Me da vergüenza. Entonces iba en pantalonitilla con la licra por debajo y me fui a andar en bici con tenis y empecé a andar, empecé a andar. Sí, ahí voy, ahí voy. Y un día dije, "No, e vestime ciclista, todos van vestir, me vestío." Salí ahí con las patillas cruzadas y toda la casa porque uno no le cuadra mucho eso. Me dice un "Mad, uno se quita el calzoncillo cuando se pone elón. La próxima me qu calzoncillo. Entonces en ese en ese interín me puse a andar, me puse a andar, me puse a andar y andaba con Chepe, Carlos José Sevilla y le digo un día, mae, como a los se meses más hagamos la ruta, mae. Y a ese lo adoro, es mi primo, segundo, pero lo adoro como un hermano y me dice, "Mae, no es tan pagoso, usted eso nunca lo va a hacer, mae. Tres y no lo hace." Y yo, ay, usted no sabe lo que acaba hacer conmigo usted, papito. No le dije nada, nada le dije. Y empecé a andar y empecé a meterme en una cosa y meterme en otra. Empezamos a andar con un poco de locos, con Barrantes y con Arturo y empezamos a hacer y empezamos a hacer una pelota que nos íbamos en la madrugada subir el cerro de la muerte, el cerro del Espíritu Santo en Palmares y no servía para nada. No servía para nada. Pero empecé a darle y empecé a darle y empecé a darle y empecé a sentirme diferente. La hice tres veces. La primera me quebré la clavícula para que ustedes vean el tipo de loco que soy yo. Me quebré la clavícula en el kilómetro 70 de 100 para hacer números redondos. Entonces se me rimó un chaval y me dice, "E Diego, no e al carro. Carro de quién, no, señor." Digo, "¿Ta esta mano me queda bien? Amárreme." Me pusieron una bolsa de hielo, me la amarraron con cinta, me dieron dosivrofeno y me fui. Al kilómetro estaban mis hijos, eran chiquitillos. Estamos hablando del 2014 hace 11 años. O sea, mi hijo tiene 15, tenía cuatro el menor. El otro tiene 22 11 tenía 11. Ahí andaban las edades y la otra tenía eh si el otro tenía ocho, el otro tenía nueve o 10. Y yo llegué con el brazo amarrado, todo chollado, unas Ahorita le enseño en cámara las fotos, por aquí las tengo y todo el mundo se me quedó viendo mi mamá y yo dije, me digo yo, me caía atrás e voy aquí tocado. Le digo un tío político que era ciclista, le dijo, "Juan Vicente, voy quebrado, hágase el mae la clavícula, ¿verdad?" y agarré y empecé en una mano a darle lo que iba a durar hora y media duré 3 horas, pero llegué a la meta. Llegué a la meta, me bajé, entregué la bicicleta, celebré con mis hijos y me fui para el médico y me dice, "Usted está loco." Sí, yo estoy loco, pero no me importa. Estas locuras me encantan. Y entonces esta anécdota la he contado en varios procesos. ¿Por qué hice eso yo? Por mí. Sí, por supuesto. Esa fue la primera vez porque la hice tres veces. La primera solo llegué el primer día quebrado. Cuando yo llegué a la meta me dicen, "Está loco." Digo, "Sí, pero no lo hice por mí, lo hice por esos carajillos. Si yo me caigo y me subo al carro, es lo normal, es lo natural, no pasó nada, no pasó nada." Y entonces llegué y y y le digo, "Claro, pero a los hijos les dije, señores, ustedes en la vida se caen y se levantan, se levantan y aunque sea arrastrando las patas llegan a la meta que ustedes se fijaron." Le digo, eso es una es una realidad de vida. Si ustedes no aprenden eso, muchachones, eh la vida e después va a ser complicado. Les puedo enseñar las fotos. Vea, así me quedó la rodilla. Después así me esp para enseñarles por aquí. Ya va ahí. No, no. Así es la clavícula quebrada y se ve levantada y así quedé por detrás. Y yo le decía a ellos, "A mí esto no me duele." Le digo, "Ustedes nunca me vieron perder la sonrisa. ni me vieron cambiar el semblante. Le digo, les estoy demostrando cómo es la vida a mis hijos y a muchos más y principalmente a mí. Y entonces una vez estuve en Incagee y conté esta historia, contaron varias historias de vida y al final estaba este que era estos que son los que le ayudó a Guimarades en el en el la segunda vez esos que son motivadores. Motivadores, los coach. Sí, hay uno que era de incaco, muy conocido. Don Retana. Retana. Estábamos en Panamá, él nos dio la charla y me dice, "Si yo tuviera que escoger un gerente, escojo a Diego Vargas. esa historia que jugada, o sea, yo no me la creo. Yo digo que uno todos los días forja su futuro. Entonces, mi razón de ser en la vida es los retos conmigo mismo, con la vida y que sean ejemplares. Dios mío, me dé la oportunidad de lograr una cosa en algún momento también es capaz de decir suave, soy loco, pero hay que tener prudencia. Muchas veces vieras que a los 30 era muy energía. A los 40 bajó la energía y creció un poco la más el No, siempre he sido muy analítico, muy analítico. Me ha ido bien en la vida. Soy un hijo de una profesora de de español viuda, un hermano con discapacidad y he ido haciendo cosas importantes. Todos los edificios de primera línea de playa en Jacó, altos de más de cinco seis hasta 19 pisos, son míos. Yo los diseñé con la empresa y fue Dios que me los fue poniendo. Entonces, por eso digo siempre Dios le tira uno cositas para le tira retos. Chucha, yo decía, "Ay, Dios mío, por hecho empecé en cuatro, después en cinco, luego en ocho y luego en 11." Yo decía, porque si no hubiera ido, me hubiera me dan el de 19 pisos del primer día, yo digo, hay que también ser responsable. La pregunta tuya es, "¿Sesponsable?" Sí, sí, sí, sí. Hoy yo soy un tipo muy maduro, ¿verdad? Mi vida ha cambiado mucho del palmareño o el Yo llegué aquí diciendo, "Yo soy un polo de palmares y no he cambiado en eso. A mí me vacilan porque yo digo, voy a ir a bañarame." ¿Y cómo se dice? Ir a bañarme. Ah, la pucha. en palmares dijimos para llamada. ¿Qué tal? Entonces uno no pierde la esencia. El día que usted pierde la esencia usted deja de ser usted, ¿verdad? Yo soy un tipo que los fin de semana me voy cuando tengo chance me quedo con mi mamá, veo a mis hijos, salgo con ellos, les los jalo para actividades, me aman, los amo, me hasta se me hace un nudo en la garganta porque soy un llorón. Si por ellos tengo que partirme el alma y y y más gente cercana a mí, doy todo. O sea, yo me pongo en segundo lugar en ese tipo de cosas. La locura mía muchas veces va para poder realmente potenciar esa pasión. De eso hablaba con alguien del tema de la próxima campaña y yo le decía, "Yo ocupo pasión para poder ser parte de algo. Esa es mi esa es mi esencia. Yo ocupo gente por la que tenga que trabajar y que también me vean con ojos de liderazgo." Entonces, creo en los liderazgos, creo en la comunicación, creo en la congruencia, creo en temas más grandes que se le salen a uno de las manos muchas veces. Y cuando usted le dice, "No, usted no puede hacer la ru de los conquistadores." Tal vez la gente no sabe qué es. Es salir de Jacob. Pasar 100 km en entre la montaña y y selvas. El segundo día llegar de creo que era de de Atenas a Cartagua, a la zona industrial por unos cerros terribles y el último día es salir de una zona de Turrialba o por ahí llegar al Limón Centro y eso son 350 km. Pacífico del Caribe. Exacto. 350 km en 3 días. Hay que prepararse, hay que tenerlos bien puestos, hay que tener un manejo de la mente. Y ahí te respondo, el manejo de la mente es lo que a uno lo lleva a buenos puertos. Anécdotas de carajillo. Anécdotas de carajillo. Ayer les contaba a una gente que mi mamá una mandó a la empleada a comprar sido eh ha sido no eh vinagre para hacer la vinagreta en la casa ahí en palmares. Y la muchacha llegó y le dijeron, "¿Qué quiere? Vinagre mucha joven. Va, vinagre blanco o vinagre corriente." Y dijo, "Ala, no, corriente no, hombre, no comer rico todos hoy. Vinagre blanco." Ah, y el vinagre blanco era ácido asético. Yo tenía 2 años. Porque la gente me dice, "Porque yo tengo mucha flema." Digo yo, "¿Que es que bronquialmente me pasó una anécdota negativa chiquitillo que tampoco hizo mucho en mi vida y entonces pusieron la botella y mami dijo, "No, no escucha, esto no es llamez no es doña Luz, esto fue lo que yo conseguí." Ah, no, esto no, y guardémoslo porque no sé qué no and trae el otro, el oscurito. Lo metieron en la refri y esa vara cuando se mueve se va poniendo caliente el asunto. Dice que este chamaquipto de 2 años llegó y abrió. No saben cómo, ni yo me acuerdo. Y la cosa explotó o me echó un tapis, no sé, va. Pero la cosa fue que me bajaron unas gotas, me quemaron la boca, me quemaron la lengua y me llegaron a los bronquios porque también genera como un olor y entonces me me jodió un bronque. Estuve como dos meses, yo le decía ayer a alguien, entre coma, punto y coma y punto y seguido, no sé en cuál de todos, pero por ahí anduve jodidillo. Me recuperé, me jodió mucho la parte bronquial. Mi mamá me decía, "Mire, vamos donde el doctor." Yo cada 15 días tenía fiebre, me hacían infecciones de de la parte bronquial. Pero lo que hice fue ponerme a correr, andar en bicicleta, me puse a a nadar, me puse a mear fútbol, jugué voleibol en en en el colegio de alto nivel, logré ser seleccionado por San Ramón para Juegos Nacionales. Entrené con la Universidad de Costa Rica, era bueno. Gané un pal de Belmon Beach allá en en la época de de de juventud. tenía un brinco que pegaba la cabeza en el aro de un gimnasio. Tenía era era muy ágil, era mucho más delgado, pero siempre he sido un tipo de de que las anécdotas negativas les veo el lado positivo. Por eso le dije a mis hijos, llegué quebrado, pero con una sonrisa en la cara. Nunca se me quitó porque llegué. Y en y en y en y en el Y mi tata muere cuando yo tengo 8 años. Hace una semana, hoy es 22, el 14 de mayo, mi tata muere de un aneurisma cerebral. Fue un golpe muy duro porque era mi figura de peso, pero mi mamá se volvió todo y más, ¿verdad? Y y sí, mami está vio, tiene 80 años, tres operaciones de cáncer, ahí está igual que yo. Le dicen, "No puede." Y es peor la cosa. Adelante, mucha mujer más. Digo, "Disculpa suya, todo lo que pasa conmigo. Yo soy el estoy por culpa tuya, pero pero anécdotas de de juventud es eso. A mi tata muere y yo dije, bueno, cuando llegué a los 22 años y me a los 22, 23, no me acuerdo, y ya estaba cerca de graduarme, yo decía que no me oiga nadie." Pero por dentro pensaba, "¿Qué pasaría si mi tata hubiera estado acá? Tal vez sería otra persona yo, porque era un tipo muy fuerte, muy inteligente, eh tenía un doctorado en la administración de la educación pública, era el que seguía en lista para ser un ministro de educación, era el que había los Entonces era un tipo muy muy movido, Dios se lo llevó a los 37 años y yo decía, "Tengo que ver el lado positivo, me marcó feo, me dolió mucho, pero hoy soy tal vez la persona que soy porque me tocó acercarme mucho a mi madre, ser muy cercano a ella y y llevar de la mano muchos procesos de maduración prematuros para un más de una edad X que podría haber tenido este otras otro rollo más tranquilo si el Tata estuviera ahí, le hba resuelto las cosas. A mí me tocó resolver mucho. Siempre he sido mucho de consensos, de negociación, de buscar cosas que me generen eh crecimiento y hoy digamos una de las motivaciones más grandes que tengo es mis hijos, mis hijos estoy sorprendidamente eh tres, ¿verdad? Tengo tres. Mis hijos, sorprendidamente eh positivo de ver. Yo yo hace 2 años me separé y ellos fueron parte de de ese proceso y me decían, "Papi, ya esto ya no ya no va." Fueron los que me daban los las definiciones modernas de por qué ya la la relación no tenía futuro. Tienen una supermamá. No puedo decir eso. Es una una mujer de verdad. es una mujer eh que que que me quitó el sombrero. Lo que pasa es que el la parte de congeniar era una parte muy complicada y la temas adicionales. Entonces, la vida es de ciclos, la vida es de ciclos y y se cerró ese ciclo, pero ellos en un inicio me me asustaba la culpa, me asustaba que iba a pasar con ellos, pero llegó un momento en que me demostraron es que hasta que me regaña, mi tata, puña, ponete. Okay. serio, tiene una madurez, no serio, no, pero sí me dice, "Papi, eso no, tranquilo, no te compliqué." Los he sentido que han crecido, que se han pu se han hecho más fuerte. Son son tres personas lindísimas de en cuanto a a a la parte física, pero más allá de lo físico son personas que que que me que me generan una emoción para levantarme todos los días y y estar al pie del cañón para para todo lo que uno hace y todo lo que quiero que ellos hagan y los veo que ellos se autodefinen la vida. Y creo que el ejemplo ese que les di, les decía al inicio, tal vez para ir cerrando, el ejemplo de vida, de que uno no se puede agachar, que le puede ir como un quebrado, pero se tiene que levantar, es ellos lo proyectan y y esta es la foto de ellos por si la quieren. Esos son mis acompañándolo el primero de mayo. Primero de mayo. Yo los veo y me emociono, o sea, me emociono porque siento que tengo esa es mi inspiración para seguir adelante. ¿Cuál cuál es algún pendiente que tenga don Diego Vargas con la vida? Yo vivo cada día con tanta pasión. Yo nunca dejo de estudiar. A los 30 años fui a al mundial del 2006 y yo dije, "¿Cómo es posible que aquí hasta el que limpia los caños habla inglés?" Y yo no me metí y aprendí. A huevo. Soy una persona de retos. mañana te puedo responder. Mira, mi reto que sigue es salir de la asamblea y ya no estando en Palmares porque tomé la decisión de quedarme más acá en la zona central por razones de de crecimiento, de networking, porque mi negocio yo lo puse en Palmares pensando en en ¿cómo se llama? En que la carretera iba para allá, allá por el 2014, hágale el número, 2000, no, 2010 y nunca llegó a la carretera. Tod estamos hablando de la carretera. Es que la gente no sabe que uno está ya esperándola así porque es desarrollo, es trabajo para la gente, es para que me decías quitar hoy duré tres horas de palmares acá. Digo yo 3 horas, o sea, eso es insensate. 54 km del centro de Palmares aquí a la Asamblea Legislativa. Lo podrían hacer en hora y 15 minutos. Lo normal, 40 minutos en un lugar. Yo tengo retos, necesito ser parte de algo, sea un tema como el Colegio de Ingenieros, la Cámara de Construcción o algún gobierno para convertir a Costa Rica en una movilidad país seria, que eso son trenes, son autopistas con los con los espacios correctos, ¿no? No es para allá, pero yo le decía el otro día a alguien, no tienen un portafolio de proyectos definiendo hacia dónde vamos, ninguno de los gobiernos anteriores. Hay que hacerlo y no criticarlos. Alguien tiene que hacerlo, pero hagámoslo. Entonces, ese es una de mis retos, por lo menos para ir a, si estoy de lado afuera, presionar educadamente y con conocimiento técnico para que Costa Rica se supere en el tránsito, porque eso encadena todo, el trabajo, la tranquilidad, las relaciones familiares, la la movilidad de los productos país. Entonces, el tren que va del Puerto de Limón a a a la Cruz, que lo que llamamos el canal seco, hay que hacerlo. un tren un metro, como lo queramos llamar, elevado para que no nos estorbemos de Paraíso de Cartago a San Ramón, hay que hacerlo y en la otra dirección igual. Esto se vuelve con espacio. Empezamos por ahí. La empresa sigue operando. Y yo creo ahí está, ahí está el socio este Pablo Rodríguez, que es un tipazo, ¿verdad? Obviamente todos tenemos perfiles diferentes. Yo era el gerente vendedor, el que más hablaba y más él era es el artista de marca de otro nivel de de profesional, un profesional de primer nivel y tuvo que rehacerse en los dos puestos. O sea, yo me paro, me pongo de pie, le doy un aplauso. Si nos ha costado, pero yo no volví a participar. Yo soy responsable en este trabajo. De hecho, hasta me me propuse a salir de la de la empresa por lo menos estos 4 años y ahí va, ahí va. Pero pero que que vuelvo con Enchanchado y con y con más ganas. No, no se arrepiente haber tomado la decisión de venir acá. No, no, para nada. Mi cambio de vida sumó muchas cosas positivas, muchas cosas positivas. Entonces, aquí me puso el de arriba. Yo yo creo eso porque todo se fue dando tan inesperado. Pum, pum, pum, pum. Y vienen muchos cambios, creo, en mi vida todavía. Entonces, lo voy a tomar con la seriedad y con las ganas que que ha sido mi estilo toda la vida. Llega la 31. ¿Quién dijo apuesta para que ya he tirado varias apuestas? Nadie se nadie se apunta. Almuerzo. Ah, no, no, no. Plata no. ¿Qué per don Diego? E algún día llega. Bueno, vamos a ver qué pasa. Cuesta. Ahí estamos. Estamos motivados rato. A mí me gusta mucho la estrategia y el análisis y yo siempre dije que a la liga lo que le faltaban eran huevos. Tenían los mejores jugadores, pero jugaban pin pin. Ayer los vi. Era yo 16 años que me tieron allá. Así era yo de bestialmente loco. Ya había que marcarle la cancha al del frente. Ahora que decía que debería o debe sentir ilusión para seguir en el proyecto político, tiene ilusión para seguir todavía en el PLP. Yo la ilusión nunca la pierdo, pero dependo de otros factores, ¿verdad? Dependo de factores como la reacción. Si vos me decís a mí, eh, yo he sido el diputado más necio en proponerle a don Eli que él se acerque a la gente, que busque un discurso. Lo estoy viendo en el corto plazo, estoy viendo con algún tipo de reacción. Se nos ha ido muchísima gente, gente buenísima, gente que tuvo una presencia y que y que algunos fuimos a buscarlos, a estrecharle la mano, verlos a los ojos y proponerles que avanzáramos. Y esa gente cuando se ve, a mí me duele profundamente y y me golpeó la motivación muchísimo porque lo dije empezando la entrevista, lo dije a la mitad de la entrevista y lo digo al final, yo me debo a la gente y cuando la gente te participa en este nivel político, que no es fácil, que es de señalamientos, que es de no entendimiento, muchas veces yo sigo estando con la gente, yo sigo estando con ellos tratando de que ellos entiendan que sí existe algún liderazgo que se les acerca. Y no estoy hablando de de nada negativo de los demás, pero pero por lo menos yo eso lo lo resiento mucho y me duele mucho y me baja las pilas de dentro de todo ese perfil que me has comentado y en este panorama del PLP siente que en algún momento el liderazgo ha fallado. Ya me tengo que incluir, ¿verdad? Esto es un liderazgo de seis, luego de cinco, luego de tres y ahí estamos. Entonces, los liderazgos tenemos que siempre estar y reconocer. Yo yo sería muy injusto en señalar a terceros. Yo creo que los liderazgos somos todos, ¿verdad? Eh, hay unos más un poquito más arriba, otros muchísimo más arriba y otros en un cierto nivel, pero si esto se ha dado en la desbandada interna aquí de la Asamblea y en la desbandada externa, creo que hemos fallado en liderazgos que deberían haber sido eh tal vez con esa curva de aprendizaje haberla tomado más rápido, porque la política demanda un conocimiento del manejo de la información, el manejo de las relaciones interpersonales, del manejo de la necesidad del pueblo, del manejo del mensaje a la gente, porque yo Esteban me decía a mí, Diego, tenemos los proyectos país de lo mejor, de lo mejor, expropiaciones, todo el mundo lo aplaude, doña Pilar, Óscar Izquierdo, mi gente, ¿verdad? Me dice, pero muchas veces la gente no sabe que es suyo. Entonces empezamos hace un año a meter presión y presión y presión y yo lo digo acá en cada entrevista que me ponen ahí los tiro. ¿Por qué? Porque estamos trabajando, porque le estamos poniendo pasión. Hoy mi pasión es porque los proyectos se logren cocinar, servir en un plato y que la gente se los pueda comer y decir, "Uy, qué buen menú me pusieron para este sector o segmento o situación que resolvieron." Entonces, mi pasión hoy está muy enfocado en en en ponerle el techo a la casa. Ya le puse las fundaciones, ya le puse las paredes, ahorita voy a poner el techo y lo demás vienen por añadidura. Música favorita. Me gusta el rock de los 80s, pero que yo soy amante de de Death Lepard, Histeria, Animal, esos partidos. La gente era muy muy agringado, no sé, son ingleses, pero esa esa gente me capturó en un cassette, me los encontré un día en la grabadora en la piscina de Palmares. Lo llevé y lo puse y me lo prestó un amiguillo y que se tanto y me cuadra mucho esa gente. En tiempo libre, ¿qué le gusta hacer? Deporte. Deporte y familia. Deporte y familia. Sí, deporte y familia. Yo eh si me decís antier, si no puedo salir ahí me salgo al frente y corro. Esta semana ya llevo 15 km corridos. Estoy de vago, necesito correr más, necesito hacer ejercicios, hago pesas, hago hago algunas cositas porque me ya empecé a echar lo que le he negado la vida. Entonces, esa parte es la que me quita la asamblea, porque entrás a las 9 y salís a las 9 y cuando llegas a las 9 de la noche a la casa, todavía estás adrenalínico con todo lo que está pasando y hay que pensar que mañana viene. Entonces, cuando te diste cuenta eh 12:30 una, entonces no te puedes levantar a las 5 como lo hacía antes o a las 6, termino levantándome a las 7 para dormir 6 horas. Entonces este horario me ha golpeado mis espacios personales, porque yo soy muy de familia en el tema familiar soy fascinado. Ahora llegó un tío mío de México que va a venir aquí. Es el hermano de mi papá, eh, como mi figura paterna, lo adoro. Viene con la esposa, "Llegate aquí a la 1 para enseñarle la asamblea. Eh, ya estamos inventando los Vargas, Vargas Pacheco. ¿Alguna actividad familiar? Ir a Sarchi una finca de un tío o ir a palmares, ¿verdad? E esa es mi pasión, la familia, estar cercano. Voy a Si yo salgo del país y llego a algún lado y hay un familiar, si tengo que manejar 3 horas para ir a verlo, me voy para allá. Y por el lado Rodríguez tengo 16 tíos. Mi abuelo era todo un no tenía tele. Di, mi abuelo tuvo 16 hijos, 18 se le murieron dos. Y mi abuelo y somos, vieras que vacilón, una familia superida, bronquillas, pero se resuelven bronquillas. Entonces yo adoro las soluciones, la cercanía y la familia. se hace una actividad y somos 60 primos y en todo lado del mundo hay uno, ¿dónde quiere ir para ponerle un primillo mío que lo reciba? O sea, eso es un gentivo por todos lados, pero esa es la historia. Y tengo una anécdota, bacilona, si te queda un minuto. Dele. Nosotros somos, mi tata era Vargas Pacheco, mi abuela era Pacheco Rodríguez, el papá de ella era Pacheco Vega y él que estaba arriba se llamaba Calisto Pacheco. Pacheco, tenía los doble apellidos Pacheco porque él, o sea, mi yo soy una quinta generación de Calixto, Pacheco, Pacheco. Calxto era hijo natural. Era hijo natural de un señor que se llamaba José Antonio Castro Ramírez, pero era sacerdote y la tatara tatarabuela era y era la dama de llaves y el bandido ah, bandido ah sacó sacó al al tatarabuelo mío. Pero lo vacilón es que Calixu Pacheco trabajo aquí en la asamblea, era, no sé el término, un término, bueno, era como un secretario en alguna cuestión hasta que se fueron a los palmares, como que los mandaron para allá para no embarrar de la cancha del padrecito. Padrecito bandido era José Antonio Castro Ramírez, hermano de otro diputado que era Castro Ramírez, que fue el de la ley de la ambulancia hasta que ya no cambiaban las hermano de Ramón Castro Ramírez, o sea, mi tatarabuelo era primo hermano de José María Castro Madriz, porque Ramón Castro Ramírez es el papá de José María Castro Madrid. Ahí ya me encontraron la vena política. Yo no sabía que eso era que fue el último jefe de estado del primer presidente de la República. Sería un primo, un primo de mi de mi bisabuelo, de mi tatarabuelo y una una relación de quinta generación. Bien. No me parezco ni nada más. Siempre palmares. Sí, sí, sí. Orgullosamente palmareño. Listo. Buen día. Con un gusto. El gusto es mío que me inviten y contarle a la gente un poco de la parte de uno. Gracias. Diego Vargas Rodríguez acá en Conozca al Diputado. Hemos presentado Conozca al diputado
https://www.youtube.com/watch?v=8m3Oi3C69j0¥Fracciones alistan moción de consenso para agilizar discusión de jornadas 4 x 3¥La intención de agilizar la discusión del proyecto sobre jornadas excepcionales o mejor conocido como jornadas 4x3 parece tener un ambiente favorable. La fracción de liberación nacional anunció un nuevo texto sustitutivo que al parecer tendría el apoyo de las demás fracciones con excepción del Frente Amplio y ello permitiría alcanzar los votos necesarios para que el proyecto se discuta directamente en el plenario mediante la vía rápida. Los verdiblancos sugieren tres cambios en el nuevo texto. El primero, la delimitación de cuáes empresas pueden realizar jornadas 4x3, la participación de la Comisión de Salud Ocupacional que brinda un informe semestral sobre la salud de los colaboradores y tercero, el derecho a los trabajadores de decidir si se aplica o no la jornada excepcional. Pero lo más importante y el mayor peso es que los trabajadores definirán si quieren o no jornadas 43 en cada uno de los centros de trabajo, porque ahí se va a realizar una votación secreta, supervisada por representantes de los trabajadores, por representantes de las empresas y por representantes del Ministerio de Trabajo o de un eh de un abogado eh notario público. De tal manera que eso le da la posibilidad a las y los trabajadores de tomar la decisión si quieren realizar jornadas 43 en cada uno de los centros de trabajo.
 Los empresarios dijeron que ellos podían vivir con eso y si a cambio de eso podemos avanzar con este proyecto de interés absolutamente prioritario para el país, nosotros también estamos de acuerdo.
 Las fracciones de Liberal Progresista, la Unidad Social Cristiana y Nueva República anunciaron su posición favorable a la vía rápida. cualquier acuerdo que se pueda alcanzar para poder darle viabilidad a este proyecto es una buena noticia. Eh, lo que ha trascendido respecto del mecanismo de consulta a las empresas nos parece un poco eh complejo de implementar. Sin embargo, si el sector privado eh está de acuerdo y cree que puede realizar ese tipo de consultas, pues eh nosotros no veríamos por qué tendríamos que oponernos a una eh redacción de esta naturaleza. Si no se aprueba una vía rápida, será muy difícil por todos los intentos o las intenciones de mocionar que existe, sobre todo en la de parte de la fracción del Frente Amplio. Nosotros creemos que este es un proyecto que va a traer beneficio al país, que va a permitir que eh pues empresas vengan y que generen nuevos empleos y que las que ya están también generen nuevos empleos.
 Sí, la fracción de unidad siempre ha estado de acuerdo en aprobar eh este proyecto de ley de jornadas 43. Yo creo que ya es hora de ponerle un finalizar y tener esa legislación tan importante que tiene casi 22 años de estar en discusión y nosotros estaríamos apoyando eh que se le dé la vía rápida a este proyecto. Desde el Frente Amplio anunciaron que pese a las modificaciones propuestas se mantienen en firme en contra de la vía rápida del proyecto. En primer lugar, porque no hay ninguna empresa en este país que requiera de este proyecto para funcionar 247. Con las actuales jornadas ya reguladas en el Código de Trabajo, cualquier empresa en este país puede funcionar de manera continua, eso sí, respetando los derechos de las personas trabajadoras, sin exponerles a jornadas extendidísimas, sin quitarles el debido pago de sus horas extra. Y lo que se pretende hacer con este proyecto ley en el fondo realmente es simple y llanamente disminuir lo que se le paga a la gente por las horas que realizan después de la octava o de la décima hora cuando se trate de esas horas extra.
 Las jornadas excepcionales proponen habilitar jornadas de 12 horas para garantizar procesos continuos de producción en empresas de manufactura, productos médicos y servicios corporativos. La votación para aplicar la vía rápida a la iniciativa requiere del apoyo de al menos de 38 diputados en el plenario legislativo. M.
https://www.youtube.com/watch?v=Xba9MZML4w4¥Galardón Ambiental 2025¥Es momento de actuar a favor del planeta por medio de la octava edición del galardón ambiental legislativo dedicado al área de conservación Marina Coco. El primer poder de la República convoca a todas las escuelas y colegios del país a participar con un proyecto sobre cómo proteger y mejorar nuestro medio ambiente. ¿Tienen una idea para mejorar la conservación de los bosques o tal vez un proyecto para conservar el agua y los mares? Queremos premiar la mejor propuesta. ¿Cómo pueden participar? Presenta una carta de compromiso del director o encargado de la institución. Envía la presentación del proyecto por escrito. Participar en el galardón ambiental legislativo no solo les dará la oportunidad de hacer algo increíble por el planeta, sino que podrán ganar un premio económico para impulsar el proyecto. Reúne a tus amigos, maestros y familiares y participa en el galardón ambiental legislativo. Más información en nuestras redes sociales. Búscanos como @asambleacrc.
https://youtu.be/JyacpODpMmY¥Continúa análisis sobre remoción de la Junta Directiva del Banco Nacional¥Los miembros de la junta directiva del Banco Nacional de Costa Rica ampliaron las explicaciones a los miembros de la Comisión de Ingreso y Gasto Público sobre las repercusiones del proceso en que fueron destituidos. Ante una consulta de la legisladora Luzmaria El Pizar, la exdirectora Monservatrat Buhan Bosa reafirmó el proceso transparente en el nombramiento de la gerencia general del banco.
 Todos tuvimos acceso a ese informe, analizamos bien y lo más importante acá, que lo dijimos en la otra sesión es que la persona elegida tuvo un 100%, la otra persona siguiente un 80 y la siguiente un 55%. De manera que no hay duda que hubo una buena elección con base en la información detalladísima que se nos suministró.
 La legisladora liberacionista Andrea Álvarez consultó sobre si casa presidencial les dio explicaciones del despido.
 Lo que él repite eh una y otra vez es que falta transparencia o que fue un proceso que tal vez no estaba conforme lo que ellos querían. Hay que reiterar, el proceso que nosotros hacemos es un proceso que hacemos voluntariamente por un ejercicio que nos autoimponemos de transparencia. Eh, no estamos obligados a hacer un proceso. Efectivamente, no hay una relación de hechos con una norma violentada, no la hay en todo el informe y hay un montón de eh datos y jurisprudencia y normas que se citan que no son aplicables al a los señores directores en ese contexto.
 La jefa de fracción del Frente Amplio, Rocío Alfaro, consultó a los exdirectores sobre el proceso de sustitución. ¿Cuánto tiempo pasó para que el presidente de la República ya hubiese nombrado una nueva supuesta junta directiva?
 En menos de 40 minutos, posterior a la recepción de la notificación de la destitución que recibimos, ya se había nombrado una nueva junta directiva y eso se verifica en el video que se publicó con hora eh que que había en el video y bueno, cuando vemos la hora de la notificación. La diputada independiente Katia Cambronero dejó en claro su molestia por las acciones de la Superintendencia General de Entidades Financieras.
 La su jefa está siendo omisa, yo quiero aquí sí decirlo abiertamente, sé que nadie lo ha dicho, pero la sujefa está siendo omisa y de alguna forma está desprotegiendo el sistema financiero nacional. Esto es muy grave. Los miembros de la Comisión de Ingreso y Gasto Público, con una votación de siete votos a favor y uno en contra, aprobó la moción de la diputada Rocío Alfaro Molina para que se convoque al presidente de la República, Rodrigo Chávez Roules, para que se refiera a la destitución de la junta directiva del Banco Nacional y todos los hechos vinculados con este procedimiento.
